{"epoch": 100, "closs": 13912.9658203125, "sloss": 4987.5302734375, "_timestamp": 1751567470.3146038, "_runtime": 1300.0235378, "_step": 44, "result_image": {"height": 244, "_type": "image-file", "sha256": "321fb29951a4d895e71533bb0bbce0f1f938abd824a1f10c95772f257a90a1ad", "size": 13730, "path": "media/images/result_image_44_321fb29951a4d895e715.jpg", "format": "jpg", "width": 244}}